<?xml version="1.0" encoding="UTF-8"?><idempiere Name="CreateRfqLinesFromRequisition" Version="1.0" idempiereVersion="" DataBaseVersion="" Description="" Author="" AuthorEmail="cvargas@frontuari.net" CreatedDate="2020-01-07 23:10:41.709" UpdatedDate="2020-01-07 23:11:15.593" PackOutVersion="100" UpdateDictionary="false" Client="0-SYSTEM-System" AD_Client_UU="11237b53-9592-4af1-b3c5-afd216514b5d">
    <AD_Form type="table">
        <AD_Client_ID>0</AD_Client_ID>
        <AD_Org_ID>0</AD_Org_ID>
        <IsActive>Y</IsActive>
        <Name>Create Lines Rfq From Requisition</Name>
        <Description>Rqf</Description>
        <Help/>
        <Classname>net.frontuari.webui.apps.form.WCreateRfqFromRequisitionUI</Classname>
        <AccessLevel>3</AccessLevel>
        <EntityType>FTU</EntityType>
        <IsBetaFunctionality>N</IsBetaFunctionality>
        <JSPURL/>
        <AD_Form_UU>2d5da4dd-e7a2-42cd-b9a3-9f76079fc0da</AD_Form_UU>
        <AD_CtxHelp_ID reference="id"/>
        <AD_Form_Trl type="translation">
            <Help/>
            <Description/>
            <Name>Crear Lineas a Cotizacion desde la Requisicion</Name>
            <AD_Language>es_VE</AD_Language>
            <IsActive>Y</IsActive>
            <IsTranslated>N</IsTranslated>
        </AD_Form_Trl>
        <AD_Form_Trl type="translation">
            <Help/>
            <Description/>
            <Name>Crear Lineas a Cotizacion desde la Requisicion</Name>
            <AD_Language>es_CO</AD_Language>
            <IsActive>Y</IsActive>
            <IsTranslated>N</IsTranslated>
        </AD_Form_Trl>
    </AD_Form>
    <AD_Menu type="table">
        <Parent_ID reference="id">203</Parent_ID>
        <SeqNo>1</SeqNo>
        <AD_Menu_ID>454</AD_Menu_ID>
        <AD_Client_ID>0</AD_Client_ID>
        <AD_Org_ID>0</AD_Org_ID>
        <AD_Menu_ID>454</AD_Menu_ID>
        <Name>RfQ</Name>
        <Description>Manage Request for Quotations</Description>
        <Action>W</Action>
        <AD_Window_ID reference="id">315</AD_Window_ID>
        <AD_Workflow_ID reference="id"/>
        <AD_Task_ID reference="id"/>
        <IsActive>Y</IsActive>
        <IsSummary>N</IsSummary>
        <AD_Process_ID reference="id"/>
        <IsSOTrx>N</IsSOTrx>
        <AD_Form_ID reference="id"/>
        <IsReadOnly>N</IsReadOnly>
        <EntityType>D</EntityType>
        <IsCentrallyMaintained>Y</IsCentrallyMaintained>
        <AD_Menu_UU>ff84fcab-8b58-493c-bf7c-115c06055991</AD_Menu_UU>
        <AD_InfoWindow_ID reference="id"/>
        <AD_Menu_Trl type="translation">
            <Name>SCP (RfQ)</Name>
            <Description>Mantenimiento a Solicitudes para Cotización</Description>
            <AD_Language>es_CO</AD_Language>
            <IsActive>Y</IsActive>
            <IsTranslated>Y</IsTranslated>
        </AD_Menu_Trl>
        <AD_Menu_Trl type="translation">
            <Name>RfQ</Name>
            <Description>Manage Request for Quotations</Description>
            <AD_Language>es_VE</AD_Language>
            <IsActive>Y</IsActive>
            <IsTranslated>N</IsTranslated>
        </AD_Menu_Trl>
        <AD_Column type="table">
            <IsSyncDatabase>Y</IsSyncDatabase>
            <AD_Table_ID reference="id">675</AD_Table_ID>
            <AD_Reference_Value_ID reference="id"/>
            <AD_Client_ID>0</AD_Client_ID>
            <AD_Org_ID>0</AD_Org_ID>
            <Version>0</Version>
            <Name>Requisition Line</Name>
            <Description>Material Requisition Line</Description>
            <Help/>
            <AD_Val_Rule_ID reference="id"/>
            <ColumnName>M_RequisitionLine_ID</ColumnName>
            <DefaultValue/>
            <FieldLength>22</FieldLength>
            <IsKey>N</IsKey>
            <IsParent>N</IsParent>
            <IsMandatory>N</IsMandatory>
            <IsTranslated>N</IsTranslated>
            <IsIdentifier>N</IsIdentifier>
            <SeqNo>0</SeqNo>
            <IsEncrypted>N</IsEncrypted>
            <AD_Reference_ID reference="id">19</AD_Reference_ID>
            <IsActive>Y</IsActive>
            <VFormat/>
            <Callout/>
            <AD_Element_ID reference="id">2453</AD_Element_ID>
            <IsUpdateable>N</IsUpdateable>
            <AD_Process_ID reference="id"/>
            <ValueMin/>
            <ValueMax/>
            <IsSelectionColumn>N</IsSelectionColumn>
            <ReadOnlyLogic/>
            <EntityType>FTU</EntityType>
            <IsAlwaysUpdateable>N</IsAlwaysUpdateable>
            <ColumnSQL/>
            <MandatoryLogic/>
            <IsAutocomplete>N</IsAutocomplete>
            <IsAllowLogging>Y</IsAllowLogging>
            <FormatPattern/>
            <AD_Chart_ID reference="id"/>
            <AD_Column_UU>5870fad6-7fb5-4453-816c-cdb40fe90525</AD_Column_UU>
            <IsAllowCopy>Y</IsAllowCopy>
            <SeqNoSelection>0</SeqNoSelection>
            <IsToolbarButton>N</IsToolbarButton>
            <IsSecure>N</IsSecure>
            <FKConstraintName>MRequisitionLine_CRfQLineQty</FKConstraintName>
            <FKConstraintType>N</FKConstraintType>
            <PA_DashboardContent_ID reference="id"/>
            <Placeholder/>
            <IsHtml>N</IsHtml>
        </AD_Column>
        <AD_Field type="table">
            <AD_Client_ID>0</AD_Client_ID>
            <AD_Org_ID>0</AD_Org_ID>
            <Name>Requisition Line</Name>
            <Description>Material Requisition Line</Description>
            <Help/>
            <AD_Tab_ID reference="id">617</AD_Tab_ID>
            <AD_Column_ID reference="uuid" reference-key="AD_Column">5870fad6-7fb5-4453-816c-cdb40fe90525</AD_Column_ID>
            <IsDisplayed>Y</IsDisplayed>
            <DisplayLogic/>
            <DisplayLength>22</DisplayLength>
            <SeqNo>140</SeqNo>
            <SortNo/>
            <IsSameLine>N</IsSameLine>
            <IsHeading>N</IsHeading>
            <IsFieldOnly>N</IsFieldOnly>
            <IsEncrypted>N</IsEncrypted>
            <IsActive>Y</IsActive>
            <IsReadOnly>Y</IsReadOnly>
            <IsCentrallyMaintained>Y</IsCentrallyMaintained>
            <AD_FieldGroup_ID reference="id"/>
            <EntityType>FTU</EntityType>
            <ObscureType/>
            <AD_Reference_ID reference="id"/>
            <IsMandatory/>
            <DefaultValue/>
            <AD_Reference_Value_ID reference="id"/>
            <AD_Val_Rule_ID reference="id"/>
            <Included_Tab_ID reference="id"/>
            <AD_Field_UU>88f4116b-7b95-4141-9e07-05743e99e837</AD_Field_UU>
            <IsAllowCopy/>
            <IsDisplayedGrid>Y</IsDisplayedGrid>
            <SeqNoGrid>140</SeqNoGrid>
            <XPosition>4</XPosition>
            <ColumnSpan>2</ColumnSpan>
            <NumLines>1</NumLines>
            <IsQuickEntry>N</IsQuickEntry>
            <IsUpdateable/>
            <IsAlwaysUpdateable/>
            <MandatoryLogic/>
            <ReadOnlyLogic/>
            <IsToolbarButton/>
            <IsDefaultFocus>N</IsDefaultFocus>
            <IsAdvancedField>N</IsAdvancedField>
            <VFormat/>
            <AD_LabelStyle_ID reference="id"/>
            <AD_FieldStyle_ID reference="id"/>
            <Placeholder/>
            <AD_Field_Trl type="translation">
                <Help/>
                <Description>Material Requisition Line</Description>
                <Name>Requisition Line</Name>
                <Placeholder/>
                <AD_Language>es_CO</AD_Language>
                <IsActive>Y</IsActive>
                <IsTranslated>N</IsTranslated>
            </AD_Field_Trl>
            <AD_Field_Trl type="translation">
                <Help/>
                <Description>Material Requisition Line</Description>
                <Name>Requisition Line</Name>
                <Placeholder/>
                <AD_Language>es_VE</AD_Language>
                <IsActive>Y</IsActive>
                <IsTranslated>N</IsTranslated>
            </AD_Field_Trl>
        </AD_Field>
        <AD_Process type="table">
            <AD_Client_ID>0</AD_Client_ID>
            <AD_Org_ID>0</AD_Org_ID>
            <IsActive>Y</IsActive>
            <Name>Create Rfq Lines From Requisition</Name>
            <Description/>
            <Help/>
            <ProcedureName/>
            <IsReport>N</IsReport>
            <Value>CreateRfqFromRequisition</Value>
            <IsDirectPrint>N</IsDirectPrint>
            <AD_ReportView_ID reference="id"/>
            <Classname/>
            <AccessLevel>3</AccessLevel>
            <EntityType>FTU</EntityType>
            <Statistic_Count>0</Statistic_Count>
            <Statistic_Seconds>0</Statistic_Seconds>
            <AD_PrintFormat_ID reference="id"/>
            <WorkflowValue/>
            <AD_Workflow_ID reference="id"/>
            <IsBetaFunctionality>N</IsBetaFunctionality>
            <IsServerProcess>N</IsServerProcess>
            <ShowHelp>Y</ShowHelp>
            <JasperReport/>
            <AD_Form_ID reference="uuid" reference-key="AD_Form">2d5da4dd-e7a2-42cd-b9a3-9f76079fc0da</AD_Form_ID>
            <CopyFromProcess>N</CopyFromProcess>
            <AD_Process_UU>eab54418-a1dc-48fa-b115-2f339b628e6a</AD_Process_UU>
            <AD_CtxHelp_ID reference="id"/>
            <ExecutionType/>
            <AllowMultipleExecution>P</AllowMultipleExecution>
            <AD_Process_Trl type="translation">
                <Help/>
                <Description/>
                <Name>Create Rfq Lines From Requisition</Name>
                <AD_Language>es_VE</AD_Language>
                <IsActive>Y</IsActive>
                <IsTranslated>N</IsTranslated>
            </AD_Process_Trl>
            <AD_Process_Trl type="translation">
                <Help/>
                <Description/>
                <Name>Create Rfq Lines From Requisition</Name>
                <AD_Language>es_CO</AD_Language>
                <IsActive>Y</IsActive>
                <IsTranslated>N</IsTranslated>
            </AD_Process_Trl>
        </AD_Process>
        <AD_Column type="table">
            <IsSyncDatabase>Y</IsSyncDatabase>
            <AD_Table_ID reference="id">677</AD_Table_ID>
            <AD_Reference_Value_ID reference="id"/>
            <AD_Client_ID>0</AD_Client_ID>
            <AD_Org_ID>0</AD_Org_ID>
            <Version>0</Version>
            <Name>Create lines from</Name>
            <Description>Process which will generate a new document lines based on an existing document</Description>
            <Help>The Create From process will create a new document based on information in an existing document selected by the user.</Help>
            <AD_Val_Rule_ID reference="id"/>
            <ColumnName>CreateFrom</ColumnName>
            <DefaultValue/>
            <FieldLength>1</FieldLength>
            <IsKey>N</IsKey>
            <IsParent>N</IsParent>
            <IsMandatory>N</IsMandatory>
            <IsTranslated>N</IsTranslated>
            <IsIdentifier>N</IsIdentifier>
            <SeqNo>0</SeqNo>
            <IsEncrypted>N</IsEncrypted>
            <AD_Reference_ID reference="id">28</AD_Reference_ID>
            <IsActive>Y</IsActive>
            <VFormat/>
            <Callout/>
            <AD_Element_ID reference="id">1490</AD_Element_ID>
            <IsUpdateable>Y</IsUpdateable>
            <AD_Process_ID reference="uuid" reference-key="AD_Process">eab54418-a1dc-48fa-b115-2f339b628e6a</AD_Process_ID>
            <ValueMin/>
            <ValueMax/>
            <IsSelectionColumn>N</IsSelectionColumn>
            <ReadOnlyLogic/>
            <EntityType>FTU</EntityType>
            <IsAlwaysUpdateable>N</IsAlwaysUpdateable>
            <ColumnSQL/>
            <MandatoryLogic/>
            <IsAutocomplete>N</IsAutocomplete>
            <IsAllowLogging>Y</IsAllowLogging>
            <FormatPattern/>
            <AD_Chart_ID reference="id"/>
            <AD_Column_UU>764b0571-fc1c-4200-8b9d-5a021aad4e1c</AD_Column_UU>
            <IsAllowCopy>Y</IsAllowCopy>
            <SeqNoSelection>0</SeqNoSelection>
            <IsToolbarButton>Y</IsToolbarButton>
            <IsSecure>N</IsSecure>
            <FKConstraintName/>
            <FKConstraintType>N</FKConstraintType>
            <PA_DashboardContent_ID reference="id"/>
            <Placeholder/>
            <IsHtml>N</IsHtml>
        </AD_Column>
        <AD_Field type="table">
            <AD_Client_ID>0</AD_Client_ID>
            <AD_Org_ID>0</AD_Org_ID>
            <Name>Create Rfq Lines From Requisition</Name>
            <Description/>
            <Help/>
            <AD_Tab_ID reference="id">613</AD_Tab_ID>
            <AD_Column_ID reference="uuid" reference-key="AD_Column">764b0571-fc1c-4200-8b9d-5a021aad4e1c</AD_Column_ID>
            <IsDisplayed>Y</IsDisplayed>
            <DisplayLogic/>
            <DisplayLength>23</DisplayLength>
            <SeqNo>340</SeqNo>
            <SortNo/>
            <IsSameLine>N</IsSameLine>
            <IsHeading>N</IsHeading>
            <IsFieldOnly>N</IsFieldOnly>
            <IsEncrypted>N</IsEncrypted>
            <IsActive>Y</IsActive>
            <IsReadOnly>N</IsReadOnly>
            <IsCentrallyMaintained>Y</IsCentrallyMaintained>
            <AD_FieldGroup_ID reference="id"/>
            <EntityType>FTU</EntityType>
            <ObscureType/>
            <AD_Reference_ID reference="id"/>
            <IsMandatory/>
            <DefaultValue/>
            <AD_Reference_Value_ID reference="id"/>
            <AD_Val_Rule_ID reference="id"/>
            <Included_Tab_ID reference="id"/>
            <AD_Field_UU>6b93886f-9dd1-40f1-b8e6-64e5f66ce8ff</AD_Field_UU>
            <IsAllowCopy/>
            <IsDisplayedGrid>Y</IsDisplayedGrid>
            <SeqNoGrid>300</SeqNoGrid>
            <XPosition>2</XPosition>
            <ColumnSpan>2</ColumnSpan>
            <NumLines>1</NumLines>
            <IsQuickEntry>N</IsQuickEntry>
            <IsUpdateable/>
            <IsAlwaysUpdateable/>
            <MandatoryLogic/>
            <ReadOnlyLogic/>
            <IsToolbarButton/>
            <IsDefaultFocus>N</IsDefaultFocus>
            <IsAdvancedField>N</IsAdvancedField>
            <VFormat/>
            <AD_LabelStyle_ID reference="id"/>
            <AD_FieldStyle_ID reference="id"/>
            <Placeholder/>
            <AD_Field_Trl type="translation">
                <Help/>
                <Description/>
                <Name>Create Rfq Lines From Requisition</Name>
                <Placeholder/>
                <AD_Language>es_CO</AD_Language>
                <IsActive>Y</IsActive>
                <IsTranslated>N</IsTranslated>
            </AD_Field_Trl>
            <AD_Field_Trl type="translation">
                <Help/>
                <Description/>
                <Name>Create Rfq Lines From Requisition</Name>
                <Placeholder/>
                <AD_Language>es_VE</AD_Language>
                <IsActive>Y</IsActive>
                <IsTranslated>N</IsTranslated>
            </AD_Field_Trl>
        </AD_Field>
    </AD_Menu>
</idempiere>
